[
  {
    "nome": "Test User",
    "email": "TEST001@GMAIL.COM",
    "senha": "TEST001",
    "tipo": "TEST TYPE",
    "id": 46,
    "deleted": false,
    "dataCriacao": "2025-03-17T11:12:25.0341051"
  },
  {
    "nome": "JSON Test",
    "email": "JSON001@GMAIL.COM",
    "senha": "JSON001",
    "tipo": "JSONTYPETEST",
    "id": 47,
    "deleted": false,
    "dataCriacao": "2025-03-17T11:12:25.0350434"
  },
  {
    "nome": "Test User",
    "email": "TEST001@GMAIL.COM",
    "senha": "TEST001",
    "tipo": "TEST TYPE",
    "id": 48,
    "deleted": false,
    "dataCriacao": "2025-03-17T11:12:25.0350434"
  },
  {
    "nome": "JSON Test",
    "email": "JSON001@GMAIL.COM",
    "senha": "JSON001",
    "tipo": "JSONTYPETEST",
    "id": 49,
    "deleted": false,
    "dataCriacao": "2025-03-17T11:12:25.0350434"
  },
  {
    "nome": "Test User",
    "email": "TEST001@GMAIL.COM",
    "senha": "TEST001",
    "tipo": "TEST TYPE",
    "id": 52,
    "deleted": false,
    "dataCriacao": "2025-03-17T11:12:25.0350434"
  },
  {
    "nome": "JSON Test",
    "email": "JSON001@GMAIL.COM",
    "senha": "JSON001",
    "tipo": "JSONTYPETEST",
    "id": 53,
    "deleted": false,
    "dataCriacao": "2025-03-17T11:12:25.0350434"
  },
  {
    "nome": "Test User",
    "email": "TEST001@GMAIL.COM",
    "senha": "TEST001",
    "tipo": "TEST TYPE",
    "id": 60,
    "deleted": false,
    "dataCriacao": "2025-03-17T11:12:25.0350434"
  },
  {
    "nome": "JSON Test",
    "email": "JSON001@GMAIL.COM",
    "senha": "JSON001",
    "tipo": "JSONTYPETEST",
    "id": 61,
    "deleted": false,
    "dataCriacao": "2025-03-17T11:12:25.0350434"
  },
  {
    "nome": "Test User",
    "email": "TEST001@GMAIL.COM",
    "senha": "TEST001",
    "tipo": "TEST TYPE",
    "id": 72,
    "deleted": false,
    "dataCriacao": "2025-03-17T11:12:25.0350434"
  },
  {
    "nome": "JSON Test",
    "email": "JSON001@GMAIL.COM",
    "senha": "JSON001",
    "tipo": "JSONTYPETEST",
    "id": 73,
    "deleted": false,
    "dataCriacao": "2025-03-17T11:12:25.0350434"
  },
  {
    "nome": "Test User",
    "email": "TEST001@GMAIL.COM",
    "senha": "TEST001",
    "tipo": "TEST TYPE",
    "id": 76,
    "deleted": false,
    "dataCriacao": "2025-03-17T11:12:25.0369897"
  },
  {
    "nome": "JSON Test",
    "email": "JSON001@GMAIL.COM",
    "senha": "JSON001",
    "tipo": "JSONTYPETEST",
    "id": 77,
    "deleted": false,
    "dataCriacao": "2025-03-17T11:12:25.0369897"
  },
  {
    "nome": "Test User",
    "email": "TEST001@GMAIL.COM",
    "senha": "TEST001",
    "tipo": "TEST TYPE",
    "id": 98,
    "deleted": false,
    "dataCriacao": "2025-03-17T11:12:25.0369897"
  },
  {
    "nome": "JSON Test",
    "email": "JSON001@GMAIL.COM",
    "senha": "JSON001",
    "tipo": "JSONTYPETEST",
    "id": 99,
    "deleted": false,
    "dataCriacao": "2025-03-17T11:12:25.0369897"
  },
  {
    "nome": "JSON Test",
    "email": "JSON001@GMAIL.COM",
    "senha": "JSON001",
    "tipo": "JSONTYPETEST",
    "id": 105,
    "deleted": false,
    "dataCriacao": "2025-03-17T11:12:25.0369897"
  },
  {
    "nome": "Eduardo",
    "email": "eduardo@gmail.com",
    "senha": "1234senha",
    "tipo": "Passageiro",
    "id": 106,
    "deleted": false,
    "dataCriacao": "2025-03-17T11:12:25.0369897"
  },
  {
    "nome": "Test User",
    "email": "TEST001@GMAIL.COM",
    "senha": "TEST001",
    "tipo": "TEST TYPE",
    "id": 109,
    "deleted": false,
    "dataCriacao": "2025-03-17T11:12:25.0369897"
  },
  {
    "nome": "JSON Test",
    "email": "JSON001@GMAIL.COM",
    "senha": "JSON001",
    "tipo": "JSONTYPETEST",
    "id": 110,
    "deleted": false,
    "dataCriacao": "2025-03-17T11:12:25.0369897"
  },
  {
    "nome": "Beatriz",
    "email": "beatriz.bortolai@gmail.com",
    "senha": "170389",
    "tipo": "Passageiro",
    "id": 1,
    "deleted": false,
    "dataCriacao": "2025-03-17T11:12:25.0369897"
  },
  {
    "nome": "Test User",
    "email": "TEST001@GMAIL.COM",
    "senha": "TEST001",
    "tipo": "TEST TYPE",
    "id": 68,
    "deleted": false,
    "dataCriacao": "2025-03-17T11:12:25.0369897"
  },
  {
    "nome": "JSON Test",
    "email": "JSON001@GMAIL.COM",
    "senha": "JSON001",
    "tipo": "JSONTYPETEST",
    "id": 69,
    "deleted": false,
    "dataCriacao": "2025-03-17T11:12:25.0409951"
  },
  {
    "nome": "Test User",
    "email": "TEST001@GMAIL.COM",
    "senha": "TEST001",
    "tipo": "TEST TYPE",
    "id": 82,
    "deleted": false,
    "dataCriacao": "2025-03-17T11:12:25.0409951"
  },
  {
    "nome": "JSON Test",
    "email": "JSON001@GMAIL.COM",
    "senha": "JSON001",
    "tipo": "JSONTYPETEST",
    "id": 83,
    "deleted": false,
    "dataCriacao": "2025-03-17T11:12:25.0409951"
  },
  {
    "nome": "Test User",
    "email": "TEST001@GMAIL.COM",
    "senha": "TEST001",
    "tipo": "TEST TYPE",
    "id": 84,
    "deleted": false,
    "dataCriacao": "2025-03-17T11:12:25.0409951"
  },
  {
    "nome": "JSON Test",
    "email": "JSON001@GMAIL.COM",
    "senha": "JSON001",
    "tipo": "JSONTYPETEST",
    "id": 85,
    "deleted": false,
    "dataCriacao": "2025-03-17T11:12:25.0409951"
  },
  {
    "nome": "Test User",
    "email": "TEST001@GMAIL.COM",
    "senha": "TEST001",
    "tipo": "TEST TYPE",
    "id": 86,
    "deleted": false,
    "dataCriacao": "2025-03-17T11:12:25.0409951"
  },
  {
    "nome": "JSON Test",
    "email": "JSON001@GMAIL.COM",
    "senha": "JSON001",
    "tipo": "JSONTYPETEST",
    "id": 87,
    "deleted": false,
    "dataCriacao": "2025-03-17T11:12:25.0409951"
  },
  {
    "nome": "Test User",
    "email": "TEST001@GMAIL.COM",
    "senha": "TEST001",
    "tipo": "TEST TYPE",
    "id": 88,
    "deleted": false,
    "dataCriacao": "2025-03-17T11:12:25.0409951"
  },
  {
    "nome": "JSON Test",
    "email": "JSON001@GMAIL.COM",
    "senha": "JSON001",
    "tipo": "JSONTYPETEST",
    "id": 89,
    "deleted": false,
    "dataCriacao": "2025-03-17T11:12:25.0419952"
  },
  {
    "nome": "Test User",
    "email": "TEST001@GMAIL.COM",
    "senha": "TEST001",
    "tipo": "TEST TYPE",
    "id": 92,
    "deleted": false,
    "dataCriacao": "2025-03-17T11:12:25.0419952"
  },
  {
    "nome": "JSON Test",
    "email": "JSON001@GMAIL.COM",
    "senha": "JSON001",
    "tipo": "JSONTYPETEST",
    "id": 93,
    "deleted": false,
    "dataCriacao": "2025-03-17T11:12:25.0480105"
  },
  {
    "nome": "Test User",
    "email": "TEST001@GMAIL.COM",
    "senha": "TEST001",
    "tipo": "TEST TYPE",
    "id": 94,
    "deleted": false,
    "dataCriacao": "2025-03-17T11:12:25.0480105"
  },
  {
    "nome": "JSON Test",
    "email": "JSON001@GMAIL.COM",
    "senha": "JSON001",
    "tipo": "JSONTYPETEST",
    "id": 95,
    "deleted": false,
    "dataCriacao": "2025-03-17T11:12:25.0480105"
  },
  {
    "nome": "Test User",
    "email": "TEST001@GMAIL.COM",
    "senha": "TEST001",
    "tipo": "TEST TYPE",
    "id": 102,
    "deleted": false,
    "dataCriacao": "2025-03-17T11:12:25.0480105"
  },
  {
    "nome": "JSON Test",
    "email": "JSON001@GMAIL.COM",
    "senha": "JSON001",
    "tipo": "JSONTYPETEST",
    "id": 103,
    "deleted": false,
    "dataCriacao": "2025-03-17T11:12:25.0480105"
  },
  {
    "nome": "Test User",
    "email": "TEST001@GMAIL.COM",
    "senha": "TEST001",
    "tipo": "TEST TYPE",
    "id": 50,
    "deleted": false,
    "dataCriacao": "2025-03-17T11:12:25.0480105"
  },
  {
    "nome": "JSON Test",
    "email": "JSON001@GMAIL.COM",
    "senha": "JSON001",
    "tipo": "JSONTYPETEST",
    "id": 51,
    "deleted": false,
    "dataCriacao": "2025-03-17T11:12:25.0480105"
  },
  {
    "nome": "Test User",
    "email": "TEST001@GMAIL.COM",
    "senha": "TEST001",
    "tipo": "TEST TYPE",
    "id": 56,
    "deleted": false,
    "dataCriacao": "2025-03-17T11:12:25.0480105"
  },
  {
    "nome": "JSON Test",
    "email": "JSON001@GMAIL.COM",
    "senha": "JSON001",
    "tipo": "JSONTYPETEST",
    "id": 57,
    "deleted": false,
    "dataCriacao": "2025-03-17T11:12:25.0480105"
  },
  {
    "nome": "Test User",
    "email": "TEST001@GMAIL.COM",
    "senha": "TEST001",
    "tipo": "TEST TYPE",
    "id": 78,
    "deleted": false,
    "dataCriacao": "2025-03-17T11:12:25.0480105"
  },
  {
    "nome": "JSON Test",
    "email": "JSON001@GMAIL.COM",
    "senha": "JSON001",
    "tipo": "JSONTYPETEST",
    "id": 79,
    "deleted": false,
    "dataCriacao": "2025-03-17T11:12:25.0480105"
  },
  {
    "nome": "Test User",
    "email": "TEST001@GMAIL.COM",
    "senha": "TEST001",
    "tipo": "TEST TYPE",
    "id": 90,
    "deleted": false,
    "dataCriacao": "2025-03-17T11:12:25.0480105"
  },
  {
    "nome": "JSON Test",
    "email": "JSON001@GMAIL.COM",
    "senha": "JSON001",
    "tipo": "JSONTYPETEST",
    "id": 91,
    "deleted": false,
    "dataCriacao": "2025-03-17T11:12:25.0480105"
  },
  {
    "nome": "Test User",
    "email": "TEST001@GMAIL.COM",
    "senha": "TEST001",
    "tipo": "TEST TYPE",
    "id": 100,
    "deleted": false,
    "dataCriacao": "2025-03-17T11:12:25.0480105"
  },
  {
    "nome": "JSON Test",
    "email": "JSON001@GMAIL.COM",
    "senha": "JSON001",
    "tipo": "JSONTYPETEST",
    "id": 101,
    "deleted": false,
    "dataCriacao": "2025-03-17T11:12:25.0480105"
  },
  {
    "nome": "Test User",
    "email": "TEST001@GMAIL.COM",
    "senha": "TEST001",
    "tipo": "TEST TYPE",
    "id": 62,
    "deleted": false,
    "dataCriacao": "2025-03-17T11:12:25.0480105"
  },
  {
    "nome": "Test User",
    "email": "TEST001@GMAIL.COM",
    "senha": "TEST001",
    "tipo": "TEST TYPE",
    "id": 58,
    "deleted": false,
    "dataCriacao": "2025-03-17T11:12:25.0480105"
  },
  {
    "nome": "JSON Test",
    "email": "JSON001@GMAIL.COM",
    "senha": "JSON001",
    "tipo": "JSONTYPETEST",
    "id": 59,
    "deleted": false,
    "dataCriacao": "2025-03-17T11:12:25.0480105"
  },
  {
    "nome": "JSON Test",
    "email": "JSON001@GMAIL.COM",
    "senha": "JSON001",
    "tipo": "JSONTYPETEST",
    "id": 63,
    "deleted": false,
    "dataCriacao": "2025-03-17T11:12:25.0480105"
  },
  {
    "nome": "Test User",
    "email": "TEST001@GMAIL.COM",
    "senha": "TEST001",
    "tipo": "TEST TYPE",
    "id": 64,
    "deleted": false,
    "dataCriacao": "2025-03-17T11:12:25.0480105"
  },
  {
    "nome": "JSON Test",
    "email": "JSON001@GMAIL.COM",
    "senha": "JSON001",
    "tipo": "JSONTYPETEST",
    "id": 65,
    "deleted": false,
    "dataCriacao": "2025-03-17T11:12:25.0480105"
  },
  {
    "nome": "Test User",
    "email": "TEST001@GMAIL.COM",
    "senha": "TEST001",
    "tipo": "TEST TYPE",
    "id": 66,
    "deleted": false,
    "dataCriacao": "2025-03-17T11:12:25.0480105"
  },
  {
    "nome": "JSON Test",
    "email": "JSON001@GMAIL.COM",
    "senha": "JSON001",
    "tipo": "JSONTYPETEST",
    "id": 67,
    "deleted": false,
    "dataCriacao": "2025-03-17T11:12:25.0480105"
  },
  {
    "nome": "Test User",
    "email": "TEST001@GMAIL.COM",
    "senha": "TEST001",
    "tipo": "TEST TYPE",
    "id": 70,
    "deleted": false,
    "dataCriacao": "2025-03-17T11:12:25.0480105"
  },
  {
    "nome": "JSON Test",
    "email": "JSON001@GMAIL.COM",
    "senha": "JSON001",
    "tipo": "JSONTYPETEST",
    "id": 71,
    "deleted": false,
    "dataCriacao": "2025-03-17T11:12:25.0480105"
  },
  {
    "nome": "Bianca",
    "email": "bianca@gmail.com",
    "senha": "1234",
    "tipo": "Colaborador",
    "id": 4,
    "deleted": false,
    "dataCriacao": "2025-03-17T11:12:25.0480105"
  },
  {
    "nome": "Test User",
    "email": "TEST001@GMAIL.COM",
    "senha": "TEST001",
    "tipo": "TEST TYPE",
    "id": 54,
    "deleted": false,
    "dataCriacao": "2025-03-17T11:12:25.0480105"
  },
  {
    "nome": "JSON Test",
    "email": "JSON001@GMAIL.COM",
    "senha": "JSON001",
    "tipo": "JSONTYPETEST",
    "id": 55,
    "deleted": false,
    "dataCriacao": "2025-03-17T11:12:25.0480105"
  },
  {
    "nome": "Test User",
    "email": "TEST001@GMAIL.COM",
    "senha": "TEST001",
    "tipo": "TEST TYPE",
    "id": 74,
    "deleted": false,
    "dataCriacao": "2025-03-17T11:12:25.0480105"
  },
  {
    "nome": "JSON Test",
    "email": "JSON001@GMAIL.COM",
    "senha": "JSON001",
    "tipo": "JSONTYPETEST",
    "id": 75,
    "deleted": false,
    "dataCriacao": "2025-03-17T11:12:25.0480105"
  },
  {
    "nome": "Test User",
    "email": "TEST001@GMAIL.COM",
    "senha": "TEST001",
    "tipo": "TEST TYPE",
    "id": 80,
    "deleted": false,
    "dataCriacao": "2025-03-17T11:12:25.0480105"
  },
  {
    "nome": "JSON Test",
    "email": "JSON001@GMAIL.COM",
    "senha": "JSON001",
    "tipo": "JSONTYPETEST",
    "id": 81,
    "deleted": false,
    "dataCriacao": "2025-03-17T11:12:25.0480105"
  },
  {
    "nome": "Test User",
    "email": "TEST001@GMAIL.COM",
    "senha": "TEST001",
    "tipo": "TEST TYPE",
    "id": 96,
    "deleted": false,
    "dataCriacao": "2025-03-17T11:12:25.0480105"
  },
  {
    "nome": "JSON Test",
    "email": "JSON001@GMAIL.COM",
    "senha": "JSON001",
    "tipo": "JSONTYPETEST",
    "id": 97,
    "deleted": false,
    "dataCriacao": "2025-03-17T11:12:25.0480105"
  },
  {
    "nome": "Test User",
    "email": "TEST001@GMAIL.COM",
    "senha": "TEST001",
    "tipo": "TEST TYPE",
    "id": 104,
    "deleted": false,
    "dataCriacao": "2025-03-17T11:12:25.0480105"
  },
  {
    "nome": "Test User",
    "email": "TEST001@GMAIL.COM",
    "senha": "TEST001",
    "tipo": "TEST TYPE",
    "id": 107,
    "deleted": false,
    "dataCriacao": "2025-03-17T11:12:25.0480105"
  },
  {
    "nome": "JSON Test",
    "email": "JSON001@GMAIL.COM",
    "senha": "JSON001",
    "tipo": "JSONTYPETEST",
    "id": 108,
    "deleted": false,
    "dataCriacao": "2025-03-17T11:12:25.0480105"
  }
]